pair_id,A_facts,A_causality,A_agency,A_knowledge,A_voice,A_dialogue,A_handoff,A_format_language,A_invented_user_speech,A_unrequested_user_action,A_knowledge_boundary,A_causal_or_branch_error,A_factual_contradiction,A_format_or_language_error,A_exact_error_quote,B_facts,B_causality,B_agency,B_knowledge,B_voice,B_dialogue,B_handoff,B_format_language,B_invented_user_speech,B_unrequested_user_action,B_knowledge_boundary,B_causal_or_branch_error,B_factual_contradiction,B_format_or_language_error,B_exact_error_quote,preference_A_B_Tie_Unresolved,reviewer_justification,independent_reviewer_id
broad-1a4d4b28a7052dd2ae,,,,,,,,,,,,,,,,,,,,,,,,,,,,,,,,,
broad-e7d0aa30c137a6c846,,,,,,,,,,,,,,,,,,,,,,,,,,,,,,,,,
broad-869b482d04f6715e49,,,,,,,,,,,,,,,,,,,,,,,,,,,,,,,,,
broad-e9ac085e3f7d782da2,,,,,,,,,,,,,,,,,,,,,,,,,,,,,,,,,
broad-1e4fbea9bae1030856,,,,,,,,,,,,,,,,,,,,,,,,,,,,,,,,,
broad-f16ac345ed0bb1d4ca,,,,,,,,,,,,,,,,,,,,,,,,,,,,,,,,,
broad-1621cee62b3d7d6c34,,,,,,,,,,,,,,,,,,,,,,,,,,,,,,,,,
broad-16b9ee1284bbfd872f,,,,,,,,,,,,,,,,,,,,,,,,,,,,,,,,,
broad-baae0aa495c7c2112d,,,,,,,,,,,,,,,,,,,,,,,,,,,,,,,,,
broad-e4a1f9c61751c39ea3,,,,,,,,,,,,,,,,,,,,,,,,,,,,,,,,,
broad-f736dbc7b60fba6d34,,,,,,,,,,,,,,,,,,,,,,,,,,,,,,,,,
broad-85b25efefd5ed81564,,,,,,,,,,,,,,,,,,,,,,,,,,,,,,,,,
broad-55a7c6143a5f4208f2,,,,,,,,,,,,,,,,,,,,,,,,,,,,,,,,,
broad-e1d225c638d2a1ce47,,,,,,,,,,,,,,,,,,,,,,,,,,,,,,,,,
broad-d8d77b4b12f1dd9523,,,,,,,,,,,,,,,,,,,,,,,,,,,,,,,,,
broad-0ccb446b685958acea,,,,,,,,,,,,,,,,,,,,,,,,,,,,,,,,,
broad-3c13f3763ada2a449d,,,,,,,,,,,,,,,,,,,,,,,,,,,,,,,,,
broad-a6c4569e59f04c1d9d,,,,,,,,,,,,,,,,,,,,,,,,,,,,,,,,,
broad-b67d23fe158ed99b2d,,,,,,,,,,,,,,,,,,,,,,,,,,,,,,,,,
broad-b4bcc688cb69439dee,,,,,,,,,,,,,,,,,,,,,,,,,,,,,,,,,
broad-f74702981144dbe6f0,,,,,,,,,,,,,,,,,,,,,,,,,,,,,,,,,
broad-e8b486e061f698f15e,,,,,,,,,,,,,,,,,,,,,,,,,,,,,,,,,
broad-5f2f74503cfbef8e4b,,,,,,,,,,,,,,,,,,,,,,,,,,,,,,,,,
broad-4548e0630541604bfa,,,,,,,,,,,,,,,,,,,,,,,,,,,,,,,,,
broad-2ba2277bf26197c2fa,,,,,,,,,,,,,,,,,,,,,,,,,,,,,,,,,
broad-881dfdb6129e194f53,,,,,,,,,,,,,,,,,,,,,,,,,,,,,,,,,
broad-55864bf2bf16d709d0,,,,,,,,,,,,,,,,,,,,,,,,,,,,,,,,,
broad-0e485eb8bf89040643,,,,,,,,,,,,,,,,,,,,,,,,,,,,,,,,,
broad-ee073d4b78ef7710a4,,,,,,,,,,,,,,,,,,,,,,,,,,,,,,,,,
broad-d076390146b4a2f17e,,,,,,,,,,,,,,,,,,,,,,,,,,,,,,,,,
broad-291504d51a97c427eb,,,,,,,,,,,,,,,,,,,,,,,,,,,,,,,,,
broad-26a5513af641e11d37,,,,,,,,,,,,,,,,,,,,,,,,,,,,,,,,,
broad-79194f9679bf49e7bb,,,,,,,,,,,,,,,,,,,,,,,,,,,,,,,,,
broad-3efad7485cec667deb,,,,,,,,,,,,,,,,,,,,,,,,,,,,,,,,,
broad-c5fe1a2ed8ec64861b,,,,,,,,,,,,,,,,,,,,,,,,,,,,,,,,,
broad-5a665b091dc91a1f6a,,,,,,,,,,,,,,,,,,,,,,,,,,,,,,,,,
broad-7416a54e6d8180b9a4,,,,,,,,,,,,,,,,,,,,,,,,,,,,,,,,,
broad-e4af2d98bcfc101ea2,,,,,,,,,,,,,,,,,,,,,,,,,,,,,,,,,
