pair_id,A_invented_user_speech,A_unrequested_user_action,A_knowledge_boundary,A_causal_or_branch_error,A_format_or_language_error,A_exact_error_quote,B_invented_user_speech,B_unrequested_user_action,B_knowledge_boundary,B_causal_or_branch_error,B_format_or_language_error,B_exact_error_quote,preference_A_B_Tie_Unresolved,reviewer_justification,independent_reviewer_id
pair-383f3c0ef641,,,,,,,,,,,,,,,
pair-bde7ae76ea9f,,,,,,,,,,,,,,,
pair-21316d532169,,,,,,,,,,,,,,,
pair-0d47d65186d9,,,,,,,,,,,,,,,
pair-74d8f74deb36,,,,,,,,,,,,,,,
pair-906660fe341d,,,,,,,,,,,,,,,
pair-c4b768050142,,,,,,,,,,,,,,,
pair-2141be6c26e3,,,,,,,,,,,,,,,
pair-fcfb115e10f4,,,,,,,,,,,,,,,
pair-b7de16f9933d,,,,,,,,,,,,,,,
pair-b8e904e24605,,,,,,,,,,,,,,,
pair-97da2828fa4c,,,,,,,,,,,,,,,
pair-c41f43d247f0,,,,,,,,,,,,,,,
pair-2bd9d9936a11,,,,,,,,,,,,,,,
pair-1782e687354a,,,,,,,,,,,,,,,
pair-e0c556df645b,,,,,,,,,,,,,,,
